review_title,review_text
Dont buy cheap quality  phone,Very dull display in sun light time . Outside  You can't view and read letters . Easily broke the touch screen. If I m using screen protector
Good One,RAM 2GB IN 10990 IS NOT JUSTIFIED WHEN REALME 2 PRO IS COMING WITH BETTER HARDWARE WITHIN THE SAME PRICE
Must buy for all,Best budget phone in market...battery life superb never went to finish up to 2 day of regular use..no  heating problems and there was no lagging issues at all face detection gives accuracy shocks in the night as it increases screen brightness to be high and detects you quickly and also the camera deserve a medal again nice combo pack in just 10000/-
Awesome smartphone with cheapest range,Oppo you beauty... Camera quality is superb and battery backup is excellent.
Very impressive,"Very very good product I'm satisfied with this product,üòäüòäüòä"
Phone issues and Manufacturing quality.,"It takes quite a long time to charge the phone. There is touch issue in the four corners of the phone. Camera quality is not great.,The box arrived in a sealed pack condition but the seal has sentences with spelling and grammatical mistakes, which creates a doubt if it is an original product. Also, the stickers on the box like - product details, VoLte, manufacturer details are manually and poorly stuck.,The protective shield on the phone was improperly stuck, has air bubble below the shield and had fine finger print marks over it. The white box where the sim card ejector tool is fixed had fold marks which could be made out that the tool was removed multiple times from its place.,Poor manufacturing quality in India."
Super battery super sound,"I have purchased this mobile phone a month ago,,I am very much impressed with battery and camera quality within this range of mobile phone.,I was little warry about oppo as a brand ,but trust me it is worth for money."
Excellent low budget phone,"This is my comprehensive review about the OPPO A3S, 2 GB ram, 16GB ROM,1. Look seems pretty i bought red in color and it look elegant. it seems like premium smartphone.,2. when we start the phone it takes minimum time to start. it feels like butter,3. initially the processor works good when there are factory applications installed in it.,4. Screen touch is bitter less responsive but it is better for this budget.,5. Color OS is producing good built up for apps but color response of screen is bitter annoying when use for longtime e.g.  gaming or watching movies,6. rear 13+2 MP camera working nicely in day and pretty light condition. in low light photos are somwhat blurry ...but for this budget this camera setup is outstanding, and suffice the purpose. front 8 MP camera is good for daytime selfies and screen flash is also working good.,7. Face unlock is very fast and responsive and working well in low light.,8, battery is long lasting but takes 3 to 4 hrs for full charge. this is the only con of this that this does not have fast charging mode but again nothing could be better than this phone.,9. speaker sound is impressive,10, dual sim mode working fine.,Now the small glimpse of cons- 1. battery charging time is longer about 3 to 4 hrs for full charge from nil battery.,2. OS coloring is not that much good. i think OS upgrade will short out this problem.,except everything is outstanding...you can go for this phone without a hassle if your budget is within 9k, No other phone can beat this phone in this budget."
It's awesome as usual expected from Amazon!!!,"Battery life is really awesome, sound quality top class, in looks no.1, feels really comfortable in hand, the notch thing is also really good camera as expected from oppo it's really really good and this phone comes with a portrait mode as well I just loved the color!!! Just go for it .... But let me tell you if you're looking for big storage go for the 32gb variant Because in this only 7GB is usable rest of the storage got eaten by the system OS üòÖ but it's a good thing that it has 2 sim slots and both supports 4G and it comes with a dedicated sd card slot..."
Very nice phone,Battery backup is osam...... overall phone parfomance is fabulous.... I love my phone
Good mobile on 10k range,"Overall it's a good phone on 10k price with good battery backup, camera quality...it's been a week since i bought this phone and no issues found especially on heating problems and lagging issues after several app usage.,My only only concern would be on screen display, especially outdoors.."
Good product,Nice
Opportunity,A very fine mobile but a little expensive considering its features! But overall a very Good set.
GOT A STEAL DEAL FM AMAZON,"It's an excellent phone under ten grands. The battery life is splendid. Camera output on either side is superlative for the price range.,I checked up the price at 8local stores giving full page ads but found Amazon almost at same price. However, the additional benifit on Amazon makes it much better.,I got a discount of two grands on exchange as well.,So... Please go for it if looking for a decent budget phone. I got it for my daughter.,Thanks Amazon.,Update on Product: After about two month of usage, the speed has gone so lethargic as if am using 2G Era mobile. The internal memory doesn't allow stuff to be shifted to external memory. Whole lot of unwanted factory installed Apps, which one can't uninstall...,Changing from 5 to 3 Star the product only."
Best when you buy with Amazon during offers.,"The phone is very nice although a bit costly ( 12500) Market price . Picture quality is decent and battery life is superb.,Amazon provided me a very decent discount and I bought it for approximately 9700rs which was during offers. (1000rs Amazon pay balance included in the cashback.)"
Nice product but not the best.,This phone looks same as shown in the image but the video quality is poor and also I didn't get any sim tool ejector.
Camera quality,The camera quality is to bat...
Paisa wasuul !!,"Awesome phone !!,Full paisa wasuul !!"
Not as we expected...,There is no indication light for missed calls message alert and not also for battery is changing or not this is the biggest draw back of this model phone and it is where worst charging time for full charge it takes 4 hours...
Stylish and picture perfect,"Nice phone, gloosy back looks cool and gives a premium phone feel.... Performance wise it's very good in it's segment...only drawback is no Fingerprint sensor. Also having little problem with the software notification settings but it's a software issue, maybe rectified in a next update. As for camera quality, oppo never disappoint in that"
Good phone with solid battery,"Solid battery and crystal clear voice clarity.,Would recommend to go for it."
Ohk ohk display.,Good fone for starter.
Great,Love it
"Exchanged for Xperia Z1, still a good deal","Picture and Sound is average performance, battery is good, internet is okay but sometimes it feels like 4G is having 3G speed and 3G is having 2G speed"
Best oppo,"Nice mobile.oppo best low budget mobile. Camera superb,sound good.touch software nice.bettery excellent.big screen full view.i think best phone on this budget."
First of thanks Amazon,Very good phone I suggest to my friends this phone is very best for battery backup and camera clarity thank you Amazon
"Battery backup, Display, Sound, Speed Very good.No heating but charging time too long.","Super Phone,Battery backup, Display, Sound, Speed Very good but charging time too long."
Very nice product,"Very good battery backup, good Camera, no heating problem,,In short it's value for money.,Only thing is I have not received SIM card ejection pin in the box. But no issue you can buy this phone."
Average features but looks great,Screen resolution at this price is very bad.only 720p. No fingerprint sensor. Got this in great deal of exchange offer.
Good Phone but missing finger Print Scanner,Battery Charger given with 1A secondary which takes complete charging to 3 hr. Fast charging option would be better in this price range
Good phone,Nice
Best mobile at this price,Got it during sale and worth every penny. Screen is so large and beautiful. Being used for more than 5 months with no problem whatsoever. 100 times better than xaomi.
Dont waste your money on this,I buy this befor 3 days ago nd it start hanging nd the pucture quality us vry bad
"Great phone, great price, screen could do better.",Great phone. My only qualms are that there is on LED indicator while charging. And the fact that the screen glass is very prone to scratches. So it's essential to buy a tempered glass protector.
The product is worth.,I bought this for my mom and she is really very happy with the product
Very good product below 10k tag line...,Very good product below 10k tag line...
A nice midranger from OPPO,This phone is a good medium range phone with excellent battery life. Lasts for 2 days with average use. The front camera is very good. The picture quality is equal to A83 and the sound quality is good but low in volume. Overall a nice phone from OPPO.
Good,"V good,As per my expectations.,Product is superb.,Amazon have best associates like Priyanka J in customer service.,She gives every solutions very honestly and with 100 percentagequality."
Nice phone,Good to use. As expected as satisfied. Now 4month gone. Not even a issue. Phone processing speed is ultimate. Nice design notch one. Love it to use. No problem you can buy you will satisfied.
Fantastic product.,Nice phone. Notch display rocks.
Dead,"Suddenly phone is dead,,Very bad experience from Oppo.,Near about 2 months its working fine but now it‚Äôs not starting.,This is my first phone from oppo, and the last one.üòñüòñüò§üò§"
Awesome phone with grt specs,The best phone at this price...I first bought one for my wife in red colour I liked it so much that I bought for myself as well in purple. The camera quality is so good that my friends with iPhone 10 are liking the pictures of Oppo A3s
Recommended,"Recommended ...all feature r good ...came with screen protector and transferant cover.,Using from last 3 months and all good"
Ok not nice,Oppo a3s camera is not good... But battery backup awesome... I m happy for battery backup and sound quality... üòä
Very fast delivery good mobile.,Mobile phone good quality working but price is most compar ram and internel gp. very fast and good delivery thanks amazon.
Good product.,Battery life long last... And the picture quality is good. Sounds louder than other phones. Nice phone from oppo. I got this phone in exchange. Good deal. Thank you amazon
Go for it,Very good in below 10k
Nice but should have been a bit better,Screen resolution should have been a bit better by applying 3D viewing in this phone with full HD amoled display. But overall a good smartphone at this price. Also price should have been a bit low somewhat around 8000 approximately.
No regrets.,Finger print recognition would have been very helpful.
Overall awesome product,"It's a good product in affordable price, all quality are best.,Go for it"
Good,Its good.
It worths its price,The phone is really good. Good battery life and I recommend it to everyone.
BEST ON THE CATEGORY,"THIS ONE LIT,DAMN COLOR,DISPLAY CLARITY IS SUPERB,HIGHLY RECOMMENDED"
Best product but still to improve,About notification swiping we can't swipe notification instead we have to delete or drag down for cancel also long six digit password very uncomfortable to open everytime.
Nice one,Brought for my wife. Good one. Decent camera. I liked the build and it comes with a transparent back case and covered tampered glass / screen guard. Audio i s nice. Overall good. I liked he build mostly..
Ok,"Everything is good,But handset was missing in the package,Got disappointed"
Storage space not given as per addj 16 gb,"I have purchased oppo A3s &found 8.5gb internal storage instead of 16 gb. Very disappointed to see this fault. Amazon should not include in sell.,Is anyone have same issue withis device"
part missing,overall product is very good but there is handset not available in the box. its disappointing.
Good,"Picture quality, sound quality and battery life is too good.."
Very good quality of phone with this price...,"Picture quality,sound quality and battery life is too good.All over this phone is very good quality."
"Love battery, but too basic camera quality.",Better than ok product. Love battery for which i baught but camera functions not developed.
Super,Front camera is not that much but ok. Battery life is good
Good phone at low price.,"Good phone. Picture quality is good. My mom loves it. Thank u Amazon. As this was my first online mobile buy, I was hesitating firstly but it was good just like other products of Amazon."
Worth for money... Awesome Phone,"Very Nice phone in this budget. Amazing battery life and back color is awesome..just loved it. Very light weight , good camera, sound quality can be improved but otherwise it's good"
Nice phone under 09k,Nice picture quality and display but fast charging missing
Good,Excellent design
Totally value for money,Excellent mobile for the price
Best buy and early delivery by amazon.. thanks amazon,"Best save,Exchange offer RS 4200 less,Bajaj finserve No cost EMI for 3 months,Only pay Rs 5867"
Good !!!!!,I got the product few days before. It is working really well and the picture quality is awesome. Battery backup is fine. It was delivered only after two days of booking. I am really satisfied.
Go get it..,Worth the deal by amazon. Good value for money. Super performance
Problem,"Even the though product is rather nice, the item Enlisted in the list of things we were to get with the phone was missing. The list clearly says a headset but it has been missing from the box."
Good,Good
Don't trust oppo,Got my mobile and it's display faulty get replaced within one day after refund again that's also display faulty very worst oppo product pls don't buy this product but Amazon service is great.
Dumb user,"Bought by a dumb user , so only can operate simple functions"
Amazon agents need to change,"The product is not as good as i expected...,Not happy with the product and the service provided..."
Great product in this price range,Great product in this price range
Pathetic service by Amazon,Sim is not getting detected . Such a defective product sent by Amazon. When I'm asking for refunf people are saying they can only do replacement. Pathetic service by Amazon
Overall 3.5,Its battery life is weak it's work normally for one Day not for two days and basically the price is too much without finger print sensor
Processing too bad,"Not good,but ok,, processing too slow,,network issue ,some time loose network,,Last one processing toobad"
Medium mob phones,Battery consumption is very high.. 21gb int available memory is provided only.. hangs too much
Faulty display,"Product received has defect in Display, even when keeping it at Full brightness in the dark, the display is not even at half."
No Comments,Overall performance is slow phone
Good one,Worth for money
Value for money,Battery life is awesome
Awesome  Mobile,"Very nice mobile batterylife and sound is awesome,but picture quality is average..but in this price mobile is awesome..thankyou amazon for such a quick and secured delivery."
Fien product,Fine product
Nice Phone,"I used it and liked it... Nice phone. I was Samsung fan, first time I am using any Oppo mobile and now I am satisfied with it. Amazon and Oppo thanks to both of you."
Best,Excellent
Oppo is my opinion,I like most sound and picture quality battery yet to check because it's new phone.
Not worth it!!,U can get this device in different name in 7k. Why waste extra 4k just for name .
Ok,Okay not bad
Totally worthless!,"No dual whatsapp, noisy cameras, display is not crisp either."
Good,Good product
One of the very good products in this price range,"Picture quality is good in day light, just ok for night capture. Sound quality is 7/10. Battery life is pretty good for normal usage and can last for 1.5 days"
Good,Good
Best for the price.,Best for the price. Feeling this after 15 days of usage. Face unlock works awesome in almost light situations. Battery standby and overall performance is very good
Very good phone,"Very good phone .It has very good camera,battery last for 2days,no heating issues,face unlock is quick but lags in low light,back panel is very glossy & royal type"
Good,Very good in this price range
Normal,RS 8990 oppo mobile normal
I am Very happy.....,I ordered this product to my father. I am really happy to see the performance of this product. Having got this gift my father is too happy. Thnx amazon.
Everything is good in this price,"Back camera is very good but front is not too, battery life is also super ,,I think everything is good,,Only front camera is not good"
Best phone,Very nice phone value for money..
Overall good,"Good phone. Battery really good, display, camera also nice but night mode photo is very poor"
"All of good quality , May be best??","Review after using one month phone,Picture quality good,Sound quality good,Battery Life good,May be best?,I give üåü üåü üåüüåü ouf of 5"
Nice Phone,Overall the phone is nice. Camera is decent. Battery backup is Very good. Display and sound is also good  I got a very good deal for my old phone. Thanks to Amazon.
Good,Good
Front camera vert poor back camera ok,Super
Very nice phone,Very affordable price very nice phone
Nce phone,Picture quality is nce taking about the battery itz very gud the only thing it dosnt have fringer print sensor otherwse best phn in gud prce range
Good,Good
love this product,nice specification with cheap price but not getting update of os
Battery life is too good,This phone have a good battery life so in this range phone is good
Good,Setisfiying product
Go for it,All features are too good at such a price. Battery n camera are outstanding. Very satisfied..
Bill not  in package,It's average  phone better to buy mi 6 pro
Perfect phone,Oppo phone camera quality Good.. Display size big To perfect. Nice phone
Awesome battery backup.,Good phone at 9k.good sound quality awesome battery backup.2 days backup on continuesly use.phone little bit slowly work on 2 GB RAM but overall good.
Waste of money,Very bad products
Five Stars,best
Very good smartphone for everyone,Display and battery backup is great but camera and performance is average.
Too good,"I can say this is best gift, I gifted.. üéÅ"
Bill not received,Phone is ok but i didn't receive any bill regarding the product
Low praise  in batter phone,Best phone
Looking is to good,Not bad but value of money is to high because according to other brand like realme he give us 4 gb ram and 64 gb rom in 11 thousand so that my opinion
Good,Good budget phone
I love this phone,Money back phone
bill printing,the bill is not clear as it was required for official purpose and no other way to download the same from the app
Great Seller - Great Product,Recommend to all
Veryyyyyy badddddd phone,"Worst product seen in my whole life,It have only 7gb of storage but they are saying 16gb,Its not working waste of money"
Awesome mobile,"Every features of this mobile is good.,I have suggested to anyone for bye it."
Best phone as per price,The phone is great as per price and overall lack in charging it takes to much time to charge 0-100 this is the down size i feel
awesome product,"very much impressed,happy to buy and use,user friendly product,worth price.. thankyou amazon"
Looking great,Super pictures quality battery proformence also good
Best phone under 10k,"One of the best thing is Camera,,Also speed is very nice.!,The best budget phone with all necessory features.!"
nice deal with this price,It's worthy but headphone are missing..please provide the headphones ... otherwise phone is good..looking wise and software is smooth
Cost,Only dislike the product cost to high spec is low
Value for money,Good phone
Nice budget phone,Nice budget mobile with good quality sound and camera but it should have fingerprint sensor
great product.,Really like it. Value for money
No,No
Poor Camera Quality,Front camera is not good as expected.
Value for money,"Value for money, picture, sound and battery good , overall performance is good per rate"
Oopo better than mi,Dislike this product because sound is not best
Good phone,I purchased in August month. That time it was good phone. Now there is so many options.
Excellent,Very good mobile
Reasonable and best,"This phone for the price is very good,With attractive red colour.Nice camera quality."
good,good product
Nice product,I like this product because this phone is battery nice Backup hour.
It's ok,"Camera quality is poor,Battery is avarage,But sound is good,When u r in sunlight display is not appear clearly"
Good engh for photo and battery,I will recommend u to buy it on offers time Good engh for photo and battery
Nice product,Great phone
Ok not good,Average mobile
Good,Good phone battery is a very good
#Amazon also nt supporting for replace....,I dnt lyk d product... No camera Clarity
Very very good,Very very good
Buy for sure üëå,"Worth the money,Battery life is long,Love the product,Nice packaging,Fast delivery,Happy buyer"
Good,Nice
Goodone,Pixels
Very good,Very good
Good,Good
Nice handsets big screen portable set,"Very nice phone.. battery backup best... picture quality best...slim portable handset..,Review by,UmaShankar Patel"
Good budget phone,Its not the best but u cant have not better than these in these range
Good product,Very much happy with it
Good,Very good product
Good,Only thing missing is finger print sensor.
Excellent mobile and features except for the camera. Average camera quality,"Nice Mobile . Got it for exchange.,Only cons is that the front camera is not that much good."
Goog,Good
Headset is missing,Didn't receive a headset
Just perfect for smartphones under 10000,"I like the camera ,display and  touch is also nice"
touch is not smooth,display touch and its quality is poor
Excellent,Cost can be slightly less
Good Mobile at this value,Good Mobile at this value
Clone App is missing.  Apart from this. A best fone,"One most important thing missing is ""clone app"" feature"
Good,Good
Nice battery,Nice
nice product,good product in this price
West,No problem
Nice budget segment phone....,Great phone I bought it approx rupees 5000 by exchange my old micromax phone it's great deal for me...
Ok,Nies
sound quality poor,sound quality is too worst and poor than expected...it is not working atall....please do work on that
Overall okay if you like color os,Overall okay. But hate the color os
Nice,"Nice looking,Good battery back up,Camera and sound quality avarage"
Nice Phone,Everything is good but in this price range now we can get many other better options.
Worth buy for money,The battery life is too good .....Cam is ok...
Video clarity too bad,Not nice photo clarity
Gre8,Gr8
Good mobile,Best mobile under 15000 only one default there is no fingerprint sensor but good face recombination
Battery life is good.,Nice and very good product.
Battery is good,I like this at this price
AVG,"Phone is good, but battery life is not upto the mark"
I love opportunity mobile,I love opportunity
It's good phone,Ok
Value for Money. Awesome Mobile Phone,Picture Quality Sound Quality and Battery Life Is too Good of this Oppo A3s phone.
fastest delivary,awsome experience
Only battery is good,Very bad picture  quality and battery  life is best  and great it's only useful  for long  battery
Nice,Super fine mobile
Good,Nice phone
Very good product,Very good product
Okay,Statisfied about Picture & sound quality but performance of battery is not good.
Good phone,"Good phone, only changing takes long time"
Gobar phone hai ye,I personally recommend to everyone never purchase the oppo A3s raddi phone hai
Good,Very nice
Oppo,"Mobile achchhi hay,Good operating system"
One part less,Good
oppo,good
Not a budget phone,Working good
ok,good but not better
According to budget mobile facility Wale Hai,Awesom valuable mobile and money back mobile
Good mobile.,"Good mobile with full screen , good look plus battery is very good"
not good,hangs often
Loved it!,Sound is bit slow..but overall the phone is good!!
just Little better,"camera Quality not so fine, batt life,80% good then other phones with 3300 or 3500mah battery"
Worth of money,You can purchase if you dont need camera quality and app install storage only 3gb
Wonderful,"Good product...very beautiful,Ok ll"
ear phone not available in box,everything is good but earphone is not available in box please help
Nice,Super performance
goood,good
A3s have to be a front flash...,This a3s phone is looking v v good & camera & battery backup awesome speaker sounds high..
Handfree missing,I had received my mobile OPPO A3s with good condition but I the box the handfree is missing.
Good phone but lacks few accessories,"Few items were missing. Tray opener pin was missing, Eye piece was missing."
Audio,Not satisfied with sound quality ...
Worst phone,Don't waste your money
Good,"Avg picture,Good battery"
OPPO A3s 32gb Purple,Good quality overall
BEST PHONE IN THIS PRICE SEGMENT,"Ultimate camera clarity, Fast speed, Big screen. Must Buy"
Full paisa wasoool,"Good picture quality,Good sound quality,Battery is too good,Paisa wasool"
Great amendment.,Design and new features are good to work.
Good,Value for money
Good,Great battery life .. with simple looks
Best mobile,Very good phone üòç pictures quality is so nice best mobile under 10000
Screen brightness,Screen brightness is very very very low .... Like freakin low
It was very good product thnks amazon,It was very good product and timely delivered
Best OPPO phonr,Best quality
Good phone but not best,Good
Good,Good
sleek stylish phone,"Oppo's A3s did not dissappoint. good phone, very sleek and stylish."
Overall product is good,Picture quality is good as well as sound.The product has delivered in time.
Nice,Nice mobile I like it
Very Good,So far so good
East or west OPPO is #BEST.. ‚úå,It juz ozm to work... Very gud product in my point of view... Thnkiew... ‚ù§
Good,Very good product but fingerprint are not there red colour is most beautiful
"Nice, great battery backup","Very nice! Great battery backup, fully satisfied with this mobile"
Thnxs to amazon for delivery the prodcuct in 2 days,Good mobile at a resonable rate. Its battery backup is too good.
Awesome ‚ù£Ô∏è‚ù£Ô∏è,Awesome mobile..camera clarity and battery back up is toooo gud gud ‚ù£Ô∏è‚ù£Ô∏è‚ù£Ô∏èüòä
Oppo free gift not received,Good phone but I not get oppo free gift of headphone & selfie stick
Battery's,Battery charge is to long
Justified for the cost..,Good for it‚Äôs cost
Awesome mobile,It is one of the hand pick phone with great futures and handful display
Good Mobile,Best
Average,Average mobile but battery backup wast
Good buy,Good battery and camera
Very nice mobile,Very nice mobile
Nice,"Phone looking is awesome, camera quality is good. And best part budget phone"
Very nice,Very nice
Awesome üëç product good quality,Awesome product
4 star,Good one
Good phone for low budget people.,Dislike is system App occupied almost 10 gb storage.
Camera quality is poor,Camera quality is not satisfied. Charging indication is not visible.
VERY GOOD PRODUCT,WHAT WE EXPECT FROM PHONE IT IS PRESENT IN THE PHONE . THANKS FOR AMAZON
Vishal ingale,"Really value for money, thanku amazon"
battery,very nice phone in my range having special features
Very gd,Ultimate
Dd,"Good mobile for low budget, battery storage good camera quality nice."
Worth it,Good overall performance...
Oppo a3s,Good quality üëåüëåüí™ and super battery üëçüí™ life üëå
low storage problem,Memory 16gb is not enough for OS. realme1 is better choice
A cool product!,Great functions and face unlock works well
Bad item,"Not good , having technical problem and also care is not supported"
Oppo,Very good smartphone at this price
Oppo,This is a good phone at this price
Mast,Guud too
Delivery and fast,Super pic and minded model
Phone charging,The phone is taking long time to charge which is was not expected
Good,Exelent
THIS PRISE RAINGEBI THINK OUTSTANDING MOBILE,OUTSTANDING MOBILE
Good Phone,Good smart phone in this budget.
Super product,Awesome product gifted to my dad
good quality phone.,picture sound are good and battery life is also good .
Mobile feedback,"Nice pick, good service"
Colour mismatch,I have received black colour against purple that i had ordered
Good looks and configuration,Red color is very good.
Good for casual work,"Only got 2gb ram,Slow processing"
Best company,Very realy very good sistyems
Very good,Prefect
Oppoa3s,Very nice mobile it's completely good phone. thanks
Good,Good. Worth of money
Best ...Nothing like this .,Best in this budget but in 3 GB Ram is most comfortable set
Like it,Picture quality is awesome
Battery,Battery charging very slow
Good working,Nice moblie
Price is high,Good
Best,Best
Good phone,"Overall performance is good but charging is,very slow"
Nice product,Picture quality and sound quality is good
Average Mobile,"this is average mobile, not best quality."
Good,Nice product in this range
poor quality phone,poor performance & battery charging time 4 hours above
Product quality,It's a best product in this range.I just loved it.THANKS
Good,Overall products is good
Not up to the mark. Price is high,Not up to the mark
OK good,Ok
Nice product,Received on time and looks good product
Nice colour good battery back up,Good product as expected
Awesome,I like this product
Better phone in this range,Picture quality is better and battery is best
Good Phone,Overall phone is good thanks Amazon for fast delivery
Awesome colour and quality toooo,Evrything is good in this mobile
No reboot option,"So far ok but theres no button for ""reb oot"""
Don't buy this phone,Poor performance ...... Battery life is good
Average quality,Audate quality
Superb,Nice. One
Shaandaar,Back camera is ok ok
Damage Mobile box,Mobile phone is good but i got a damaged mobile box
Nice,Nice product. Battery life is good.
"This is very bad ,i expected this will be batter than vivo and techno but oppo a3s a bad product","Camera is third class,battery average sound is fine"
Typing very slowly,Typing is very slow compare in mi any mobile mobile
Very good price,Very good photos quality better life is very bigger
Good,Very excited
Good,Good
Just okay,Front camera is not so satisfying.
Love amazon,Awsum product oppo thanx Amazon for exchange offer
invoice needed,i want bill of this product please send me invoice
Good mobile and fiture camera,camera and battery life good
Super,AMIT V RANPARIYA
Battery,Fabulous phone.....loved it.....battery is brilliant...
Ok,Ok
Don't buy,So much hanging problem. Nonsense mobile
Best mobile phone,I have received very good mobile
Exelent,Very good
Nice,Nice mobile. Nice battery Very nice Quality
Oppo,"All are ok, face detection not effective"
Thanks,Good product
Good,Bill is not present in the box.but product is good
Phone review,Not bad
Ok,Not bad
Very nice product,Battery very good. Good standard
Good mobile which fits your pocket.,Sound quality could have been better.
So much likeable,Like
Ok ok,Ok ok
Value of money,Very comfortable... Front Camara superb
Superb mobile,It's very nice mobile phone i use it
Please call me,The product was bad ... I want to replace it
Awesome,Very good .go for it
Its nice,Dis range awesome product
Good product.,Good Product
Nice phone,Nice overall
Hands off,Really too smart opportunity oppoA3s
Bill of  mobile was missing inside the packet,Bill was not inside the packet.why?
So beautyfull,"I,  Like this Handset Oppo A3s"
Bad Voice call experience,Calling voice and camera quality is not good.
Selfie is good,Ok good performance
H,Worth money
Opps a3s,Very good product...camera & battery super
Very bad,"Very bad batter life, scratch on new phone"
Good,Nice
Recommended,Nice phone for the price.
Good,Good
It's a good mobile phone,It's only 2 gb ram or 16 gb internal memory
Love the design,Mid range good phone..
Very nice,Very good
This is very good I us this last five month very exelent prformens,This is so good  and colour also
Cool product,Good battery life and twin os is awesome
Battery low full,Brabalam battery
good phone in the price segment,good
As 3 is the best,Mast phone hair
Nice,Looking very osam and battery life is long ..
I like it,Good Quality OF Mobile by OPPO
Budget ph9ne,Nice budget phone
Fabulous oppo,This is the best.. #oppop is the best
Budget phone,Best of money
Excellent,Excellent all the way
Good phone value for money,Over all phone is good
No Thnks,Nice mobile but picture quality is low
I gave my friend for gift.he so happy.it is so special for.he learn about something in internet.,I like this product.
Value for money,Awsome phone by oppo
Excellent,Good prodcut
Nice,Super
Nicely,Best
Sound,Sound volume is not so high even in maximum mode
Nice,Nice
GOOD,FINE
good working,battery life is good
Bad,Camera quality and video quality worst.
Good one at this budget,Slow charging
Look like vga camera photos,D picture quality is very embracing
Low cost high features,Best photo quality.... Os is OSome.
best phone,My first Online Mobile Purchase
Excellent,Good phone
Good and nice,Good product reasonable price good
Good one,Nice phone in price of 10k
Cheap and good,Good at this price
Best smartphone in low range,Good Battery life.
Nice,Very  good
Good one,Nice phone
Ok ok,Ok
Good deal,Excellent battery and pic quality
Worth the cost,It is really a vry gud product...
Excellent,Without any issue
...,All things r good
Very nice,Very nice
At a low cost it is excellent,It's to good phone
One of the best mobile,Best phone
Elegant appearance,I like
Happy,Good phone I satisfy this phone
Fast delivery,Value for money
Very nice,Awesome
Nice phone,Everything ok in this range
IMPORTANT ACCESSORY MISSING,Sim ejector tool is missing
Received Package in excellent condition,"Nice product, value for money."
Loved it,"Nice one,Worth buying...."
GOOD,GOOD QUALITY  PRODUCT  BY OPPO
A Good Bugdet Phone,Buy without hesitation
Plz,Bettary khrab aa sir esnu le jao
Jabardast,It's vetter piece for that prize
Aswome phone,Good phone in budget price...
Oppo mobile phone super,Super quality in all features
Very good mobile,Camera And sound is very good
Very Good,Very Good
Thanks amazon,Awesome mobile in this price
Display is low light,Display is low light
Good Quality,Totally good product
Excellent,Good phone in budget
Best product,Best product
Nice phone,Battery life
Nice one,Good product
Average good,Average good
Nice,Nice product
mst hai,like
Good Product,Good
Good,Good
Best,Best
Excellent,Good
Nice mobile,Good
Best products,Best picture  good products
Don't have earphone,Don't have earphone
Good working phone,Like super products
Yhh nice,Nice mobile
Gaurav,Best mobile
awesome,great phone
Love it!,Amazing phone!
good one,lack of fingerprint sensor
Great perfomance,Good phone
OPPO a3s,Nice Mobil
With less price,Good phone
Excellient Product,Excellient product
Ok,Ok
ü§£,Nice phone... I love it..
Cheez h bhai shab,Cheez h bhai shab
Very nice,Very good product
Nice,Nice product
Good,Ok
Thank you so much Amazon 5/5 love u so much.,It's very good
Don't West ur money,Disliked
Excellent,Excellent
Shivang jethva,All are perfect
Good,Battery life is good...
In this price nice phone,Battery backup too good
Display blink karta tha,Display blink karta tha
Good,Sound quality not good.
For those who need battery,S gj. Gh. Hj ik
Best mobile phone.,Nice mobile phone..
Not bad..,Phone is not slim as i want..
Not at all good üëé,Space very less
Nice product,Nice product & awesome delivery
battery,battery backup
Good one,Value for mone
Pics quality good,Overall 4 out of 5.
Acha h,Thik h
Camera quality not match with expectations,Battery is good
"Nice product, good Paking",Very good phone
Good,Over all good product
Worst,Worst
Too good,It's too good
Small,Small
Gjab,Super
Hii,Good sound and battery life
Classic..,Superb phone
Finger print is needed,Battery life is good
No 1,No 1
Nice,Nice product
Nice product,Nice product
My,Nice product
Good product worth the money,Great option
Average mobile,Average mobile
Its nice,Good
Good,Good
Nicc,Nicc
Good,Good
Nice,Good
Goodüëç,Good
Worth it,Nice
M?,Good
‡§§‡§æ‡§¨‡•ú ‡§§‡•ã‡•ú ‡§π,This is too gud
Great,Good set all in one
Oppo,Excellent phone ...
Amazing phone,I like this phone..
Awesome,Best phone in range
Good mobile,Nice mobile
Hii,Good product
Nice,Good
Perfect,PERFECT
Nice bettry life & very beutyfull display...,Nice look..
Not as per expectation,"Camera,charging time"
Nice phone,Nice
On time delivery,Superb
Owsmm product,Nice battery
Bettery ki life long Nahi h,Bettery hot hota h
No headphone in the box,Headset nahin diya
Good quality,Product is to good
Good,Nice phone
Nice phone,Nice phone
Ok,Ok
Worthable at this price range,Good battery backup
Super,Ok
A3s,Takes time to charge
Good,Sound quality is good
Missing partss,Not got earphones
Very good mobile phone,I like it
Very goog,Very good
Excellent,Excellent
Gud phone,NYC phone
Good,Avearage
Don't. Like,Apps not support
Super budget phone,Nice one
All good,All good
Average,Average phone money
Nice phone,Charging very late
HAPPY,VERY GOOD
Nice,Nice
Good,Quality is good
Nice one,Good product
I like oppo a3s,No finger print
Super,Very Nice Phone
Super,Clarity is good
Super,Like it
Excellent,Excellent
Nice product,Good phone overall
Earphone,Way my earphone
Good choice,Good.......
Ok he h bs,Thik thak h bs
Shandhaar mobile,Battery mast h
Heating,Heating mobile
Camera osm,Better
better,better
Better phone with good batterylife,Good battery life
Thanks,***** good phone
Like this product,Good one
Fabulous,It is fabulous
Good products,Good products
Nice phone,Awesome phone
Nice,Super
Good,Super
Ok,Very good
Super,V super
value for money,good product
Waste mobile,Waste mobile
No comments,Good product
Nice,Nice product
Nice,Battery life
Good mobile...,Awesome ....
Mast,Battery Life
Nice product,Awesome oppo
Nice ph but prices high,Good looking
Good product,Good
A,GOOD
Good,Good
Good,Good
Better,Good
Good,Nice
Good phone,Good
Best,Good
Good,Good
Good,Good
Soft and smooth,Good
Good,Good
Good one,Durable battery nice
Oppo,Better battery life
Good,Liked
It's good,It's good
Hanging,It is hanging
Phone IS good,Dislike ASR
Nice,Nice mobile
Fulltoooos,Ghg
Value for money,Nice product
supet,super moblie
Good  Quality and good for services by amazon,No any
nice phone,good phone
Very nice product,Good phone
look n btry backup,üëç
Ok,Ok
Mast phone,A phone good
nice,nice product
Asome,Well & good
Good,Thanks
Lokal,Very poor
Very nice,Very good
Very good,Very nice
Nice camera,Awesome phone
Good phone,Very good phone
Awesome in price.,Simply it's good.
üòÅ,Nice phone
It's a best of one.,Nice product
Best phn for resonable price,Nice phn
Not good,Not good
Very good,Exsilant
Good,All well
Sunil,Gud mobile
Thanks Amazon ..........,Best mobile
Good,Ok
Nice,Good
Awesome phone in this price,Perfect
Fantastic,No hang
Good phone,Like it
Good phone,Like it
Value for money,Good
Very nice,I like it
Good,I like
It's good,Awesome mobile
Ok,All ok.
Awesome,Awesome
Nice mobile,Nice mobile
Super,Super
Super,Super
No,Dislike
Cool Model,Supab item
Beautiful,Good
Display chang,Nice
Nice,Good
Nice products,Nice
Good,Good
Very very good product ....oppo,Nice
Good,Good
Good,Like
Ok,Good
good packing,good
üëçüèº,üëçüèº
Nice,Good
Good product,Good
Good,Good
Good battery backup,Like
Good,Good
Good,Good
Every thing is good,Good
Good to use,Good
Good,Good
Nice,Nice
Good service,Fantastic
Good  mobile,Nice
Best,Vhn
Worsted amazon services,Box opened
Ok,Ok
Awesome,No
Yes,No
Dislike,Dislike
Very good product,Very nice
Plz purchase,Awesome
Nice ok good battery,Very good
Good,Good
no,no
Excellent quality,Amazing phone
Excellent,Like
Raj,Mast
Best phone ever,Mast
Nice,Nice
Very nice,Super
Thanks,Good
Best,Like
Oppo A3s,Nice phone
Nice pice,All
Best Phone at this price range,"The Phone has a great Camera, Big Screen, a good processor and a nice video, audio quality and better overall standards considering its price. The delivery by amazon was also prompt and safe. But unlike the other phones, the earphones were not included in Box."
"Good battery backup, nice camera, dedicated micro SD card slot.","Phone is nice. Good battery backup and nice camera. Screen is HD+ but it's fine by me. Dedicated memory card slot to increase the storage, great work done by oppo. However it does not support fast charging and it takes a lot of time to charge. Overall it's a nice phone in this range."
Nice product,"Amazing mobile,1 camera is amazing,2 battery life is good,3 picture amazing,All feature are very nice"
Lovely phone,"Nice phone in this range.,Super fast delivery. Camera is awesome and so is the battery life"
Go to Redmi or Realme,"Pros,1. Elegant design,2. Good battery backup,3. Nice camera,4. Split screen,5. Face lock,Cons,1. Very slow charging time,2. Heavy weight,3. Huge display ( iPhone users lol.),4. Low internal memory"
Verry. Nice phone,Picture quality good sound quality verry good
Oppo a3s,Awesome battery backup
Looks nice,little over priced
Good phone for daily use,Lack of fingerprint sensor. Otherwise fine. A bit high price when compared to other brands
Best phone in range of 10k must buy.,"The processor is good, battery life is awsome, camera is really good then what I was expecting, features in it are good for the price which is offered, rich look oppo did good job in copying iphone X look. Overall phone is best, Loved it."
Looks,"Two days Fast delivery service to berhampur,odisha.Beautiful design, strong battary life, no legs even 2gb ram, camera quality ok in this price point view. Value for money"
Amazing phone.. love it..,Amazing phone with super longer battery power... all is super well but not getting oppo Headphone in packing assessries.. it was deeply hurt to missing headphone..
Very heavy and not ergonomically designed,Phone could be good. Performance is very good. But it is very heavy and not ergonomically designed. My fingers are paining while using it. You can simply return as that‚Äôs the policy. Unless there is any fault with the product one can‚Äôt return.
Exelent,Very good mobile in all respect nothing to say negative only minor point if it has a physical notification led then it would be super in all aspects.
I like amazon always,Thank u give me a best quality
headphone Missing.,Good phone.inside no headphone.
Over All Phone is Good. Only concern about  Headset,Phone is good. And also delivery was good. But I am not happy with one thing. in product description is mentioned Headset with the phone. but I did not get any Headset with this phone.
Oppo a3s good phone,Nice phone
Beautiful colour and awesome camera quality,"It's really good and awesome phone,Thanks to amazon delivered on time"
