review_text,review_star
Great experience so far,5.0 out of 5 stars
"Phone randomly shuts off throughout the day with a charged battery. When this happens, the only way to turn the phone back on is to connect it to a charger. A few minutes later, the phone shuts itself off again, and the cycle continues. The phone is pretty much stock, no new apps. I paid a lot of money for this ""Certified Refurbished"" phone, and it did not deliver. Very flawed.",2.0 out of 5 stars
We purchased this for my wife after her phone was stolen.  This never worked quite right; the sound was always bad and it did not seem to have the storage it should.  Somehow the phone got locked and would not unlock. She took it to Apple.  They said it was a throw away model that they used in stores as demos and then tossed. They said the sound was set that way deliberately and that the phone should never have been sold.  Be warned.,1.0 out of 5 stars
Had a very smal scratch on the upper corner. But all in all was in great condition and well worth the purchase!,5.0 out of 5 stars
My phone arrived in very good condition. I popped my sim card in and updated ios and I'm a happy camper.,3.0 out of 5 stars
"received the phone quite quickly.. looked like it was in good shape.. no scratches.. I'm writing this review 7 months after receiving the phone. For the most part, I'm pleased with it.. but 6 months after getting it (this past December), I couldn't keep a charge in it...and when I plugged it into the charger that came with the phone, it wouldn't charge at all.. I took it to a phone repair shop.. the battery was dead and the port was bad and had to be replaced.. And the charging cord was bad. I'm surprised that after only 6 months that the battery and port went bad.  So I don't know if they didn't check those two things when you recondition a phone, isn't putting a new battery in part of the reconditioning? As well as making sure the port is in good shape?  I only use my phone for talking and texting, so I'm not hard on it at all. and why wouldn't they give a new charging cord with the phone. They don't cost that much.. This is why I couldn't give them five stars.. It cost $102.00 to get everything fixed",3.0 out of 5 stars
"Love the phone, it's big lol . I'm just loving the fact that everything is working so far , came in good condition. Also if you feel like the phone won't charge, or when you put the charger in and it doesn't charge? Try the charge that it came with . & the charge that came with the phone ? May stop working . Because it's not an apple product , so you may have to use to buy an apple charger which isn't expensive",5.0 out of 5 stars
"I only got the phone 2 days ago for my daughter.  So if I don't update anything, everything is very good.  The phone was in new condition, not a scratch.  The charger is fine and the phone battery was at 90% on delivery.  We are very happy with the initial experience of this like new phone 6s Plus.  We got my son the Iphone 6s last year (refurbished), and it is still in excellent condition.  That's why we had no doubt about buying another phone.  Delivery was on time.",5.0 out of 5 stars
Like many I was skeptical on buying a refurb sight un-seen. This phone arrived the next day and was in great shape. The screen was scratch free except for 1 tiny 1/16th mark which I can't even see now when I put the glass screen protector on it. The whole thing works well and I'd order another one if the need arises.,5.0 out of 5 stars
"I ordered 2 phones and I was pretty scare that it was going to be a bad deal but it turned out to be a good deal. the phones look new no visible scratches  shipping was a lot much faster than the expected date. so far I was able to connect my carrier with the phone and set it up, its working pretty good right now, we'll see how it keeps on working in the future",4.0 out of 5 stars
"Unbelievable!!!! I did NOT receive a ""Refurbished"" product. This was 100% USED. There's a difference. You can tell they paid no attention to the condition of this phone neither operationally or aesthetically. Deep gouged scratches in the screen, defective vibration performance, and the very poor battery health. Once it hits 50% battery it shoots to 1% and then dies. Nothing about this phone was actually refurbished, I might as well have just chanced Craigslist for half the price.",1.0 out of 5 stars
"The phone wouldn't get service and I tried with multiple sims that worked on other phones, wouldn't recommend just buy new",1.0 out of 5 stars
"The phone I received was in great physical condition but the touchscreen completely did not work on it.  Had to return and buy elsewhere locally due to time sensitivity.  Things like this need to be quality checked on a ""refurbished"" device.",1.0 out of 5 stars
"Came with scratches around the camera, doesn't seem to be ""refurbished"" as well as I had hoped.",1.0 out of 5 stars
I received the phone earlier than expected and I could not be happier with the purchase I made. The phone looks absolutely brand new and I could not see any signs of wear or tear. I am beyond satisfied with the purchase!,5.0 out of 5 stars
"It is refurbished so I was scepical , but had it 6 months and everything is perfect.",5.0 out of 5 stars
"The phone is refurbished but internal issues do not seem to have been fixed. Sure, it works, but with all the stress you‚Äôll go through from calls being dropped, being backed out of apps, randomly shutting down, etc. it‚Äôs definitely best to go to your service provider. I think having someone to hold accountable for the defects and someone who will actually work with you to fix those is better. SAVE YOUR MONEY!",1.0 out of 5 stars
"I am pleased with the phone. There were a few marks on it and the screen, but I knew when you buy a refurbished phone you take that chance. It was able to be used with Ting and that was my major priority.",4.0 out of 5 stars
Battery issues from the start. Phone will show 40% battery life then shut down suddenly showing 0 battery life and needing to be charged. Otherwise no issues with phone after 4 months.,3.0 out of 5 stars
"I bought the phone and the speaker decibels were half of my sons 6s. I can barely hear people talk with any back ground noise. I was going to send it back but never did because I would be without of phone for a week or so,",1.0 out of 5 stars
Works very well.  First time user of iphone.  Model recommended by a retired engineer. Meets our expectations.  Using with T-Mobile network.,5.0 out of 5 stars
Okay so I bought a rose gold one and it crapped out on me so they refunded me and I bought this and so far so good!  Looks amazing. And so far it's working good! I'm updating it as we speak and no scratches or anything!,3.0 out of 5 stars
"Very disappointed in this item. Camera on both sides don‚Äôt work, Apple Pay doesn‚Äôt work finger print doesn‚Äôt work. Not sure if the package just wasn‚Äôt handled with care but are some cosmetic cracks on screen sending product back unfortunately",1.0 out of 5 stars
"I brought this refurbished iphone 6s plus six months back and just today, after charging the phone overnight the phone stopped working. CPR shop said that the is reason due to overnight charging the phone recharge port got shorted and this also blew the lcd sensor and lcd itself. Sucks that I have to go through this after spending $449",2.0 out of 5 stars
"Ordered the phone and it was in mint condition and worked perfectly. The 1 defect it did have was you couldnt hear incoming calls. Returned it and ordered another, hope its better this time!",2.0 out of 5 stars
"Just as i expected, the phone works perfectly, I would buy from this seller again. Very satisfied",5.0 out of 5 stars
It came a few days earlier and works great. It didn't come with earbuds or the apple box. I've had it for 5 months and it works great,5.0 out of 5 stars
"The product is said to be Certified Refurbished but came with a problem on the headphone jack. The sound is weird through it, with some sort of bad-contact.",3.0 out of 5 stars
The charging port is not working the standard is not good poor quality,1.0 out of 5 stars
Charger is very very ordinary one but cell phone is fine. I brought a good charger.,4.0 out of 5 stars
The phone looked great except it was locked to AT&T. Tried to get unlocked on AT&T's website and it said the phone still had outstanding payments and can not be unlocked.,1.0 out of 5 stars
"I had my phone right away in the first day around holidays less than 7 days I was very pleased with my purchase. I read the reviews and kept fearing the most, but my phone works 100% like I would have bought from a Apple store. Just didn‚Äôt come with headphones which doesn‚Äôt bother me which didn‚Äôt say in details or description.",5.0 out of 5 stars
This product was freezing shortly after received. It completely died within two months of the purchase and it is to return.,1.0 out of 5 stars
The only issue I‚Äôve had is that this one doesn‚Äôt have enough memory,5.0 out of 5 stars
"Generic box, No ear Phones, Looks great no Scratches, working great for 1 month now",4.0 out of 5 stars
"The phone is in good condition physically, but the ear speaker doesn‚Äôt work. Phone has to be used on speaker phone when talking or else you can‚Äôt hear anything... it‚Äôs rather inconveniencing.",1.0 out of 5 stars
Thumb print to open apps is great. One button to view emails is terrible. Steep learning curve. Whatever happened to operating manuals?,5.0 out of 5 stars
After 3 month it started to doesn't charge. Before ƒ±ts performance wasn't good also. I'm really disappointed.,1.0 out of 5 stars
"The phone is huge first off. A total difference from my 6s. When it arrived and I took it out the box it looked brand freakin new. It even came with an apple branded charging brick, and it delivered on the expected delivery date!!! I‚Äôm so happy I got my new phone!!! If you ever need to buy a new phone, You know who to trust!",5.0 out of 5 stars
Had this phone for about a month and works fine so far- But the screen came with some scratches even though it was a ‚Äònew certified refurbished‚Äô,3.0 out of 5 stars
The phone did not work it had no entena. But I got a refund üëçüèª,1.0 out of 5 stars
The phone looks brand new with no scratches I transferred from my Apple 5 sim card to the six plus with ease So far so good with Kanga,5.0 out of 5 stars
They really care about everything. The phone is perfect but the charger broken with one week. They gave me a discount because I couldn't receive this on time. Thanks!,5.0 out of 5 stars
I got the 16 gb version even though it was listed as a 64 gb version. Phone looks brand new though,3.0 out of 5 stars
"Got our daughter this for Christmas and have had so many issues with it, long story short, it is getting sent back. Didn't even wanna give it 1 star.",1.0 out of 5 stars
Great phone and came very early. Thanks!,5.0 out of 5 stars
Great phone. Worked really well. It looked brand new when I took it out of the box. I used the phone on straight talk and never had a problem with it.,5.0 out of 5 stars
The product sold to me by MyWit is an absolute joke. It says certified refurbished when the charger port isn't even compatible nor does it work. I was ready for scratches and things and such but you can't even turn the phone on. I would like a full refund,1.0 out of 5 stars
Looks like new I love this phone. Big phone for small hands.,5.0 out of 5 stars
Very happy with this phone.,5.0 out of 5 stars
I've had some issues with the phone being refurbished and all but it will work for now.,3.0 out of 5 stars
Super fast shipping and great phone so far! Was a bit skeptical about buying on here but phone is in perfect condition and was easy to set up with my T-Mobile sim.,5.0 out of 5 stars
Ordered 2 last week arrived in perfect condition,5.0 out of 5 stars
"Before I ordered this phone, i was worried sbout the conditions of the phone n accessories for the phone. However, i ordered it and i am really realy please with this phones condition n functionality.",4.0 out of 5 stars
I ordered a iPhone 6s Plus with 64gb storage and got one with 16gb storage instead. Didn't even realize till it started telling me that my storage is full.,1.0 out of 5 stars
"The delivery, this phone according with my expectations... high recommend",4.0 out of 5 stars
purchased this phone for my grandaughter.  she is completely satisfied. thanks amazon.,5.0 out of 5 stars
"I‚Äôve had my refurbished phone for a few months now and it still runs perfect, great buy! I will never buy a new phone again!",5.0 out of 5 stars
"I love this phone its very great and  I will buy again. I did chose a 16gb but they sent me a 32gb which was very generous of them, and the phone came with a glass screen  installed already and the phone didn't have any visible damage which was a huge plus.",5.0 out of 5 stars
Phone is in excellent shape. Put in T-Mobile prepaid sim works with no issues. Used the phone for a couple hours (iPhone 6s plus) no issues. However when I did the iOS 11.2.6 update after an hr phone randomly crashes has a glitchy screen like someone broke an lcd tv. So I don‚Äôt know if it‚Äôs the update or the phone otherwise it works well.,4.0 out of 5 stars
I got my phone days before it stayed it would and I was pleased. The phone had no scratches and no dents or scuffs. The battery was draining very fastly but that was expected with a phone this old. I had the phone checked out and it had never been opened inside. This is the best deal!  (Got it from MyWit),5.0 out of 5 stars
great product.,5.0 out of 5 stars
**BUYER BEWARE**,1.0 out of 5 stars
Suddenly my phone just touch the ice cream that I had and then I clean right away but then the speaker was gone from loudspeakers to small how can I fix it?,5.0 out of 5 stars
"I know it's a certified refurbished iPhone, but it looks brand new . It was a Christmas gift for my daughter and she loves it. We were full to get it",5.0 out of 5 stars
Looked brand new when it arrived !! I have had it  about 60 days now and I have no complaints!!,5.0 out of 5 stars
"Phone works perfectly. No imperfections, so happy I decided to buy.",5.0 out of 5 stars
great price...good quality,5.0 out of 5 stars
Came in packaged safely; hardly any wear and tear and quite frankly looked brand new! After three months I have had no problems and love my phone! Great quality and would buy again if needed.,5.0 out of 5 stars
Phone came in great shape,5.0 out of 5 stars
Exactly as I was hoping. Looks and functions like brand new.,5.0 out of 5 stars
Extremely pleased the phone looks like and works like brand new and arrived on time thanks for a very good deal,5.0 out of 5 stars
did not come gsm unlocked as advertised:( very sad just returned it!,1.0 out of 5 stars
Great condition for a greater price.,5.0 out of 5 stars
"I received this phone in good condition with a minor scuff on the bottom. Battery life wasn‚Äôt great, but I replaced it with apple‚Äôs $29 battery replacement program. Otherwise I would rate this phone a 4.5/5",5.0 out of 5 stars
I ordered this phone not knowing what to expect but I absolutely loved. The phone itself is like new with only a minor scuff on the back that you can't even notice with a case on. It arrived with a charger and everything worked fine. I would consider buying another phone from here in the future.,5.0 out of 5 stars
This phone works perfectly. I ordered one from another company and it was totally messed up. They didn‚Äôt want to refund me so I purchased one from this company and it‚Äôs in perfect condition and no problems at all!!! Love it!,5.0 out of 5 stars
I love my iPhone! This is great product,5.0 out of 5 stars
The best iphone ever,5.0 out of 5 stars
I really do like this phone. It is a good price for the great condition it is in. But be careful sometimes certified  refurbished phones are a little sketch but the sell of this on is trustworthy I think. Anyways the phone came in great condition but the box it came in was a little sketchy.,5.0 out of 5 stars
"I bought it, and every thing has been working perfectly, phone looks brandnew",5.0 out of 5 stars
Had it a few days now love it everything work was more than I expect no scratched unlock using simple mobile,5.0 out of 5 stars
good,5.0 out of 5 stars
I bought this for my teenage son and it looks and works like new.,5.0 out of 5 stars
Great value,5.0 out of 5 stars
"Phone glitches a little , battery life is kind of weak",4.0 out of 5 stars
"Like brand new!Much better than I thought.It works great.Unlocked phone,no problem to activate.",5.0 out of 5 stars
Just like most people I was unsure about buying the phone but at the time there was a 64 percent 5 stars so I decided to go with it then i got the phone and it turned out great.,5.0 out of 5 stars
Most the size and capabilities less the battery charge it,4.0 out of 5 stars
Very good,5.0 out of 5 stars
Great product at a reasonable price,5.0 out of 5 stars
Battery dies very fast and it is very annoying,2.0 out of 5 stars
There are several dents on the left top side of the phone that they did not mention about at all in their  page!,1.0 out of 5 stars
Defective phones! Rip off! Ordered an iphone 6s Plus as a Christmas gift and the camera doesn't work! Ruined Christmas and made me look bad for buying an iPhone off Amazon. Never again. Amazon 3rd party resellers are the same as eBay scammers.,1.0 out of 5 stars
Phone 9-10.,4.0 out of 5 stars
great phone comes in perfect condition. you wouldn't even know its a refurbished,4.0 out of 5 stars
,5.0 out of 5 stars
"Item as described, meet and exceeded my expectations",5.0 out of 5 stars
It is a great product!! This is the first time buying refurbished items and I am very pleased,5.0 out of 5 stars
This phone was a great bang for my buck.  It looks practically brand new and runs very smoothly and fast !!,5.0 out of 5 stars
Works just as you'd expect.,5.0 out of 5 stars
great phone,5.0 out of 5 stars
Works great for about 2 weeks then gets super glitchy camera gets really shakey whenever taking a picture.,1.0 out of 5 stars
Me parece un buen articulo en perfectas condiciones,5.0 out of 5 stars
I like and will purchase again.  Thank you,4.0 out of 5 stars
I was skeptical with this purchase but the phone came looking like new and worked perfectly.,5.0 out of 5 stars
Horrible BEWARE !!,1.0 out of 5 stars
"A great buy, Very greatful.",5.0 out of 5 stars
The microphone on mine isn‚Äôt all that good and the battery drains very fast.,3.0 out of 5 stars
Not recommended,1.0 out of 5 stars
Awesome phone. No problems whatsoever and it looks brand new.,5.0 out of 5 stars
Awesome I've had it for about a month it didn't cause a problem at all!!!,5.0 out of 5 stars
Too good like new,5.0 out of 5 stars
The phone doesn't have any scratches or scuffs. Only downfall is battery life. The battery doesnt last long at all,4.0 out of 5 stars
Great deal phone looks and works like new,5.0 out of 5 stars
buy 3 iphone 6s plus gold and I received 3 6s pink,1.0 out of 5 stars
Omg! I love it!!!,5.0 out of 5 stars
I‚Äôve had this phone for a year and I still love it .,5.0 out of 5 stars
much better than expected. And many thanks to the consumer service's kind help.,5.0 out of 5 stars
Amazing performance and just like new!!,5.0 out of 5 stars
Looks brand new absolutely no scratches or anything thank you ‚ù§Ô∏è,5.0 out of 5 stars
"Came in as expected, worked perfectly, nothing wrong with it, just few minor scratches on the body of the phone not screen",4.0 out of 5 stars
Great refurbished phone. Minor appearance defects like small scratches on screen and back but it is unnoticeable without looking closely. Performs great,5.0 out of 5 stars
Great phone. It shipped quickly. Packaged well and was exactly as described.,5.0 out of 5 stars
The phone was good. But i disnt expected that there will be no handsfree and the charger and charging cable wil from any non branded vendor.,4.0 out of 5 stars
As described and delivered on time.  Thank you!,5.0 out of 5 stars
I didn't receive the iPhone 6S PLUS but instead received the IPhone 6 PLUS. Returned it but other than that ok,3.0 out of 5 stars
"great phone üòä This what I wanted , works like new . Would order again if I need too ‚ÄºÔ∏è Thank you .",5.0 out of 5 stars
"Exactly as described, would buy from again.",5.0 out of 5 stars
Perfesc,5.0 out of 5 stars
"Quite good,I like it,was in new condition",5.0 out of 5 stars
Absolutely love it! Like new phone! Highly recommended.,5.0 out of 5 stars
"I received the product and really it's very good, It's unlocked and is working in Venezuela without problems.",5.0 out of 5 stars
Arrived today looks and works brand new!,5.0 out of 5 stars
"I got this phone yesterday. Just as description from Kanga Supply. It looks Brand New, everything is fully functional.",5.0 out of 5 stars
A few starches on the corners. Besides that the phone is Excellent . No complaints at all,5.0 out of 5 stars
It looks brand new Love it‚ù§Ô∏è‚ù§Ô∏è‚ù§Ô∏è‚ù§Ô∏è,5.0 out of 5 stars
Just got the phone today an the speaker sounded as it was blown but still an awesome phone no scratches or nothing just the speaker,2.0 out of 5 stars
This iPhone arrived on time and in very nice condition.  Jury is out on the battery life going from fully charged this morning down to 16 per cent by late afternoon.  I'm not sure what battery life to expect.  Phone was unlocked and easy to set up at the ATT center.  All is working fine thus far. Larger face works well for my aging eyes and arthritic fingers.,5.0 out of 5 stars
Excellent,5.0 out of 5 stars
Excellent,5.0 out of 5 stars
Worth it.,5.0 out of 5 stars
I totally loved my iPhone 6s Plus.. It was in great condition!,5.0 out of 5 stars
Had it for a month now in LOVE I love my iPhone so much fast delivery too!,5.0 out of 5 stars
The IPhone fully meets with my expectations,5.0 out of 5 stars
Good quality,5.0 out of 5 stars
Phone works great! Called metro and they transfered my service in under 5 minutes thanks!!,5.0 out of 5 stars
Worked perfectly fine.Absolutely no problems,5.0 out of 5 stars
Gave me the wrong amount of Gb,1.0 out of 5 stars
Great phone! Looks brand new.,5.0 out of 5 stars
"The phone arrived in mint and perfect conditions, thank you so very much!!! 10/10 recommend.",5.0 out of 5 stars
"This is a very clean and nice phone just a few scratches on the back but nothing noticeable, it was unlocked worked with my carrier.",5.0 out of 5 stars
The phone came in two days and it‚Äôs works great!!!!!! Thank you!!!!,5.0 out of 5 stars
Great came exactly how I expected in perfect condition thanks to these guys definitely worth the buy guys I'm highly satisfied:),5.0 out of 5 stars
It's working very well till now,4.0 out of 5 stars
woks great - just like a new one,5.0 out of 5 stars
Great,5.0 out of 5 stars
Did not have an IMEI number so could not use it.,1.0 out of 5 stars
arrived in perfect conditions,5.0 out of 5 stars
Everything worked out perfect,5.0 out of 5 stars
The home button started to fail within the first week that I had the phone,1.0 out of 5 stars
"Good as new, love it.",5.0 out of 5 stars
Phone looks and works great!,5.0 out of 5 stars
GOOD,5.0 out of 5 stars
everything,5.0 out of 5 stars
Dope ... !,4.0 out of 5 stars
The title of the add said 6S plu 64GB. I bought it thinking that that was what I was going to get but instead got a 16gb phone. Very deceiving!!!,1.0 out of 5 stars
Had for almost two months and flawless great buy!,5.0 out of 5 stars
I bought this for my daughter and she loves it.  It came exactly as described and we had no issues switching her SIM card from her old android to this iPhone.  I plan on buying one for myself soon.,5.0 out of 5 stars
"Got it with overnight delivery, worked out for me very well. Phone works well.",5.0 out of 5 stars
Very Nice,5.0 out of 5 stars
One day of use and for now everything is as expected.,5.0 out of 5 stars
Phone came like new. No damage or scratches! Love it,5.0 out of 5 stars
"Great, I appreciated the terrific service.",5.0 out of 5 stars
"My husbands phone was stolen last week which is what prompted us to by this phone. We ordered it Friday and it arrive Wednesday through Amazon Prime... The phone looked great but once we got it activated with Verizon we realized the speakers were messed up when you play music, watch videos, your alarm goes off, or the phone rings. The sound is extremely distorted, hard to hear, and understand specially when having to talk on speak phone. Upset that the phone arrived like that. I know it‚Äôs refurbished but that should have been checked. After all we went through with having our original phone stolen it was just more added stress to receive a replacement with busted speakers.",2.0 out of 5 stars
I love it,5.0 out of 5 stars
Excelente.,5.0 out of 5 stars
"I was very skeptical purchasing a refurbished iPhone NOT from Apple, however it was in prestine condition and looked *almost* brand new when it arrived. Definitely would recommend.",4.0 out of 5 stars
ok,5.0 out of 5 stars
https://www.amazon.com/gp/product/B072BQ2ZMQ/ref=oh_aui_detailpage_o03_s00?ie=UTF8&psc=1,1.0 out of 5 stars
Great product I am very happy with it.... came on time and was packaged very well... The phone works and looks like it's brand new not a scratch on it....  Activation was easy and painless no problem... Only thing is does not come wit headphones or original iPhone charger but who cares bout that...... I would most definitely recommend this product to anyone who wants a iPhone.... Thank u Amazon......,5.0 out of 5 stars
Just as advertised! Been going strong no defects will buy from this seller in the future! Trusted SELLER!,5.0 out of 5 stars
Arrived in like new condition. Connected my network with no problems,5.0 out of 5 stars
"Phone arrived on time in factory condition. Not a single scratch on it. So far the phone performs perfectly, I haven't experienced any issues. Screen resolution is amazing, much better than the iPhone 6 that I had previously, or at least it seems like it. I would highly recommend!",5.0 out of 5 stars
The screen keeps jumping like it's been replaced before incorrectly,3.0 out of 5 stars
"Everything worked as promised, Little bit of scratches on the back but 100% functional, camera 10/10 , screen 9/10 , battery 10/10 ,It came on a envelope from local mail but with not problem at all , looking forward for an ipad of this guys !!! - Vius - , thanks again !",5.0 out of 5 stars
Just got my phone in the mail yesterday. I have not one complaint so far. The phone is excellent condition. Works great and was super easy to set up. Package was delivered promptly and came within the time frame I was given. Currently writing this review on the purchased device. If necessary I would definitely purchase again!! Thanks Amazon!!,5.0 out of 5 stars
Amazing!!! My iPhone came with absolutely no scratches and no damages it looks brand new it also came with the charger and headphones. Worth the $430,5.0 out of 5 stars
"Came in a box with little protection for the phone. The phone also displayed poor battery life early on in my ownership and had a few scratches on the screen. However, it beats the monthly phone payment plan provided by the company. So I do not regret my purchase.",3.0 out of 5 stars
"Phone arrived as promised.  Could not tell it was a reconditioned phone. Activated it with the carrier, and they are porting over the old number as we speak.Could not be more pleased",5.0 out of 5 stars
"Absolutely OK. Looks like new, no signs of a previous use. Works OK. I like it.",5.0 out of 5 stars
GREAT PRODUCT,5.0 out of 5 stars
